external_id,first_name,last_name,email,company_name,job_title,industry,company_size,source,activity_type,activity_channel,activity_timestamp,activity_value,website_visits,email_opens,email_clicks,demo_attended,pricing_page_visits,content_downloads,prior_interaction_count,last_contact_at,intent_bucket,score
low-001,Aarav,Sharma,aarav.sharma001@leadpulse.in,Redwood Health,Director of Sales,Healthcare,105,campaign,content_download,call,2026-07-09T09:15:00Z,0.5,2,2,1,0,1,2,2,2026-07-08T08:15:00Z,low,12
low-002,Priya,Iyer,priya.iyer002@leadpulse.in,Vertex Ops,Revenue Operations Manager,Operations,110,referral,email_open,email,2026-07-09T10:30:00Z,1.0,3,3,2,0,0,0,3,2026-07-08T09:30:00Z,low,14
low-003,Rohan,Gupta,rohan.gupta003@leadpulse.in,Orchid Retail,Head of Growth,Retail,115,website,content_download,linkedin,2026-07-09T11:45:00Z,1.5,1,4,0,0,1,1,4,2026-07-08T10:45:00Z,low,9
low-004,Anika,Mehta,anika.mehta004@leadpulse.in,BluePeak Finance,Sales Lead,Finance,120,partner,email_open,call,2026-07-09T12:00:00Z,2.0,2,1,1,0,0,2,5,2026-07-08T11:00:00Z,low,18
low-005,Kabir,Singh,kabir.singh005@leadpulse.in,Mosaic Labs,Founder,Technology,125,event,content_download,email,2026-07-09T13:15:00Z,2.5,3,2,2,0,1,0,1,2026-07-08T12:15:00Z,low,11
low-006,Neha,Nair,neha.nair006@leadpulse.in,Northstar AI,VP Revenue,SaaS,130,website,email_open,email,2026-07-09T14:30:00Z,3.0,1,3,0,0,0,1,2,2026-07-08T13:30:00Z,low,16
low-007,Vihaan,Patel,vihaan.patel007@leadpulse.in,Redwood Health,Director of Sales,Healthcare,135,campaign,content_download,call,2026-07-09T15:45:00Z,0.0,2,4,1,0,1,2,3,2026-07-08T14:45:00Z,low,8
low-008,Ishita,Rao,ishita.rao008@leadpulse.in,Vertex Ops,Revenue Operations Manager,Operations,140,referral,email_open,email,2026-07-09T16:00:00Z,0.5,3,1,2,0,0,0,4,2026-07-08T15:00:00Z,low,13
low-009,Aditya,Verma,aditya.verma009@leadpulse.in,Orchid Retail,Head of Growth,Retail,145,website,content_download,linkedin,2026-07-09T17:15:00Z,1.0,1,2,0,0,1,1,5,2026-07-08T16:15:00Z,low,10
low-010,Sanya,Choudhary,sanya.choudhary010@leadpulse.in,BluePeak Finance,Sales Lead,Finance,150,partner,email_open,call,2026-07-09T18:30:00Z,1.5,2,3,1,0,0,2,1,2026-07-08T17:30:00Z,low,17
low-011,Arjun,Khanna,arjun.khanna011@leadpulse.in,Mosaic Labs,Founder,Technology,155,event,content_download,email,2026-07-09T19:45:00Z,2.0,3,4,2,0,1,0,2,2026-07-08T18:45:00Z,low,14
low-012,Meera,Joshi,meera.joshi012@leadpulse.in,Northstar AI,VP Revenue,SaaS,160,website,email_open,email,2026-07-09T08:00:00Z,2.5,1,1,0,0,0,1,3,2026-07-08T07:00:00Z,low,7
low-013,Karan,Malhotra,karan.malhotra013@leadpulse.in,Redwood Health,Director of Sales,Healthcare,165,campaign,content_download,call,2026-07-09T09:15:00Z,3.0,2,2,1,0,1,2,4,2026-07-08T08:15:00Z,low,19
low-014,Pooja,Bansal,pooja.bansal014@leadpulse.in,Vertex Ops,Revenue Operations Manager,Operations,170,referral,email_open,email,2026-07-09T10:30:00Z,0.0,3,3,2,0,0,0,5,2026-07-08T09:30:00Z,low,6
low-015,Siddharth,Kulkarni,siddharth.kulkarni015@leadpulse.in,Orchid Retail,Head of Growth,Retail,175,website,content_download,linkedin,2026-07-09T11:45:00Z,0.5,1,4,0,0,1,1,1,2026-07-08T10:45:00Z,low,20
low-016,Riya,Das,riya.das016@leadpulse.in,BluePeak Finance,Sales Lead,Finance,180,partner,email_open,call,2026-07-09T12:00:00Z,1.0,2,1,1,0,0,2,2,2026-07-08T11:00:00Z,low,5
low-017,Nitin,Roy,nitin.roy017@leadpulse.in,Mosaic Labs,Founder,Technology,185,event,content_download,email,2026-07-09T13:15:00Z,1.5,3,2,2,0,1,0,3,2026-07-08T12:15:00Z,low,18
low-018,Tanvi,Menon,tanvi.menon018@leadpulse.in,Northstar AI,VP Revenue,SaaS,190,website,email_open,email,2026-07-09T14:30:00Z,2.0,1,3,0,0,0,1,4,2026-07-08T13:30:00Z,low,9
low-019,Harsh,Vyas,harsh.vyas019@leadpulse.in,Redwood Health,Director of Sales,Healthcare,195,campaign,content_download,call,2026-07-09T15:45:00Z,2.5,2,4,1,0,1,2,5,2026-07-08T14:45:00Z,low,15
low-020,Kavya,Sethi,kavya.sethi020@leadpulse.in,Vertex Ops,Revenue Operations Manager,Operations,200,referral,email_open,email,2026-07-09T16:00:00Z,3.0,3,1,2,0,0,0,1,2026-07-08T15:00:00Z,low,12
low-021,Aarav,Sharma,aarav.sharma021@leadpulse.in,Vertex Ops,Revenue Operations Manager,Operations,205,referral,email_open,email,2026-07-09T17:15:00Z,0.0,1,2,0,0,1,1,2,2026-07-08T16:15:00Z,low,12
low-022,Priya,Iyer,priya.iyer022@leadpulse.in,Orchid Retail,Head of Growth,Retail,210,website,content_download,linkedin,2026-07-09T18:30:00Z,0.5,2,3,1,0,0,2,3,2026-07-08T17:30:00Z,low,14
low-023,Rohan,Gupta,rohan.gupta023@leadpulse.in,BluePeak Finance,Sales Lead,Finance,215,partner,email_open,call,2026-07-09T19:45:00Z,1.0,3,4,2,0,1,0,4,2026-07-08T18:45:00Z,low,9
low-024,Anika,Mehta,anika.mehta024@leadpulse.in,Mosaic Labs,Founder,Technology,220,event,content_download,email,2026-07-09T08:00:00Z,1.5,1,1,0,0,0,1,5,2026-07-08T07:00:00Z,low,18
low-025,Kabir,Singh,kabir.singh025@leadpulse.in,Northstar AI,VP Revenue,SaaS,225,website,email_open,email,2026-07-09T09:15:00Z,2.0,2,2,1,0,1,2,1,2026-07-08T08:15:00Z,low,11
low-026,Neha,Nair,neha.nair026@leadpulse.in,Redwood Health,Director of Sales,Healthcare,230,campaign,content_download,call,2026-07-09T10:30:00Z,2.5,3,3,2,0,0,0,2,2026-07-08T09:30:00Z,low,16
low-027,Vihaan,Patel,vihaan.patel027@leadpulse.in,Vertex Ops,Revenue Operations Manager,Operations,235,referral,email_open,email,2026-07-09T11:45:00Z,3.0,1,4,0,0,1,1,3,2026-07-08T10:45:00Z,low,8
low-028,Ishita,Rao,ishita.rao028@leadpulse.in,Orchid Retail,Head of Growth,Retail,240,website,content_download,linkedin,2026-07-09T12:00:00Z,0.0,2,1,1,0,0,2,4,2026-07-08T11:00:00Z,low,13
low-029,Aditya,Verma,aditya.verma029@leadpulse.in,BluePeak Finance,Sales Lead,Finance,245,partner,email_open,call,2026-07-09T13:15:00Z,0.5,3,2,2,0,1,0,5,2026-07-08T12:15:00Z,low,10
low-030,Sanya,Choudhary,sanya.choudhary030@leadpulse.in,Mosaic Labs,Founder,Technology,250,event,content_download,email,2026-07-09T14:30:00Z,1.0,1,3,0,0,0,1,1,2026-07-08T13:30:00Z,low,17
low-031,Arjun,Khanna,arjun.khanna031@leadpulse.in,Northstar AI,VP Revenue,SaaS,255,website,email_open,email,2026-07-09T15:45:00Z,1.5,2,4,1,0,1,2,2,2026-07-08T14:45:00Z,low,14
low-032,Meera,Joshi,meera.joshi032@leadpulse.in,Redwood Health,Director of Sales,Healthcare,260,campaign,content_download,call,2026-07-09T16:00:00Z,2.0,3,1,2,0,0,0,3,2026-07-08T15:00:00Z,low,7
low-033,Karan,Malhotra,karan.malhotra033@leadpulse.in,Vertex Ops,Revenue Operations Manager,Operations,265,referral,email_open,email,2026-07-09T17:15:00Z,2.5,1,2,0,0,1,1,4,2026-07-08T16:15:00Z,low,19
low-034,Pooja,Bansal,pooja.bansal034@leadpulse.in,Orchid Retail,Head of Growth,Retail,270,website,content_download,linkedin,2026-07-09T18:30:00Z,3.0,2,3,1,0,0,2,5,2026-07-08T17:30:00Z,low,6
low-035,Siddharth,Kulkarni,siddharth.kulkarni035@leadpulse.in,BluePeak Finance,Sales Lead,Finance,275,partner,email_open,call,2026-07-09T19:45:00Z,0.0,3,4,2,0,1,0,1,2026-07-08T18:45:00Z,low,20
low-036,Riya,Das,riya.das036@leadpulse.in,Mosaic Labs,Founder,Technology,280,event,content_download,email,2026-07-09T08:00:00Z,0.5,1,1,0,0,0,1,2,2026-07-08T07:00:00Z,low,5
low-037,Nitin,Roy,nitin.roy037@leadpulse.in,Northstar AI,VP Revenue,SaaS,285,website,email_open,email,2026-07-09T09:15:00Z,1.0,2,2,1,0,1,2,3,2026-07-08T08:15:00Z,low,18
low-038,Tanvi,Menon,tanvi.menon038@leadpulse.in,Redwood Health,Director of Sales,Healthcare,290,campaign,content_download,call,2026-07-09T10:30:00Z,1.5,3,3,2,0,0,0,4,2026-07-08T09:30:00Z,low,9
low-039,Harsh,Vyas,harsh.vyas039@leadpulse.in,Vertex Ops,Revenue Operations Manager,Operations,295,referral,email_open,email,2026-07-09T11:45:00Z,2.0,1,4,0,0,1,1,5,2026-07-08T10:45:00Z,low,15
low-040,Kavya,Sethi,kavya.sethi040@leadpulse.in,Orchid Retail,Head of Growth,Retail,300,website,content_download,linkedin,2026-07-09T12:00:00Z,2.5,2,1,1,0,0,2,1,2026-07-08T11:00:00Z,low,12
low-041,Aarav,Sharma,aarav.sharma041@leadpulse.in,Orchid Retail,Head of Growth,Retail,305,website,content_download,linkedin,2026-07-09T13:15:00Z,3.0,3,2,2,0,1,0,2,2026-07-08T12:15:00Z,low,12
low-042,Priya,Iyer,priya.iyer042@leadpulse.in,BluePeak Finance,Sales Lead,Finance,310,partner,email_open,call,2026-07-09T14:30:00Z,0.0,1,3,0,0,0,1,3,2026-07-08T13:30:00Z,low,14
low-043,Rohan,Gupta,rohan.gupta043@leadpulse.in,Mosaic Labs,Founder,Technology,315,event,content_download,email,2026-07-09T15:45:00Z,0.5,2,4,1,0,1,2,4,2026-07-08T14:45:00Z,low,9
low-044,Anika,Mehta,anika.mehta044@leadpulse.in,Northstar AI,VP Revenue,SaaS,320,website,email_open,email,2026-07-09T16:00:00Z,1.0,3,1,2,0,0,0,5,2026-07-08T15:00:00Z,low,18
low-045,Kabir,Singh,kabir.singh045@leadpulse.in,Redwood Health,Director of Sales,Healthcare,325,campaign,content_download,call,2026-07-09T17:15:00Z,1.5,1,2,0,0,1,1,1,2026-07-08T16:15:00Z,low,11
low-046,Neha,Nair,neha.nair046@leadpulse.in,Vertex Ops,Revenue Operations Manager,Operations,330,referral,email_open,email,2026-07-09T18:30:00Z,2.0,2,3,1,0,0,2,2,2026-07-08T17:30:00Z,low,16
low-047,Vihaan,Patel,vihaan.patel047@leadpulse.in,Orchid Retail,Head of Growth,Retail,335,website,content_download,linkedin,2026-07-09T19:45:00Z,2.5,3,4,2,0,1,0,3,2026-07-08T18:45:00Z,low,8
low-048,Ishita,Rao,ishita.rao048@leadpulse.in,BluePeak Finance,Sales Lead,Finance,340,partner,email_open,call,2026-07-09T08:00:00Z,3.0,1,1,0,0,0,1,4,2026-07-08T07:00:00Z,low,13
low-049,Aditya,Verma,aditya.verma049@leadpulse.in,Mosaic Labs,Founder,Technology,345,event,content_download,email,2026-07-09T09:15:00Z,0.0,2,2,1,0,1,2,5,2026-07-08T08:15:00Z,low,10
low-050,Sanya,Choudhary,sanya.choudhary050@leadpulse.in,Northstar AI,VP Revenue,SaaS,350,website,email_open,email,2026-07-09T10:30:00Z,0.5,3,3,2,0,0,0,1,2026-07-08T09:30:00Z,low,17
low-051,Arjun,Khanna,arjun.khanna051@leadpulse.in,Redwood Health,Director of Sales,Healthcare,355,campaign,content_download,call,2026-07-09T11:45:00Z,1.0,1,4,0,0,1,1,2,2026-07-08T10:45:00Z,low,14
low-052,Meera,Joshi,meera.joshi052@leadpulse.in,Vertex Ops,Revenue Operations Manager,Operations,360,referral,email_open,email,2026-07-09T12:00:00Z,1.5,2,1,1,0,0,2,3,2026-07-08T11:00:00Z,low,7
low-053,Karan,Malhotra,karan.malhotra053@leadpulse.in,Orchid Retail,Head of Growth,Retail,365,website,content_download,linkedin,2026-07-09T13:15:00Z,2.0,3,2,2,0,1,0,4,2026-07-08T12:15:00Z,low,19
low-054,Pooja,Bansal,pooja.bansal054@leadpulse.in,BluePeak Finance,Sales Lead,Finance,370,partner,email_open,call,2026-07-09T14:30:00Z,2.5,1,3,0,0,0,1,5,2026-07-08T13:30:00Z,low,6
low-055,Siddharth,Kulkarni,siddharth.kulkarni055@leadpulse.in,Mosaic Labs,Founder,Technology,375,event,content_download,email,2026-07-09T15:45:00Z,3.0,2,4,1,0,1,2,1,2026-07-08T14:45:00Z,low,20
low-056,Riya,Das,riya.das056@leadpulse.in,Northstar AI,VP Revenue,SaaS,380,website,email_open,email,2026-07-09T16:00:00Z,0.0,3,1,2,0,0,0,2,2026-07-08T15:00:00Z,low,5
low-057,Nitin,Roy,nitin.roy057@leadpulse.in,Redwood Health,Director of Sales,Healthcare,385,campaign,content_download,call,2026-07-09T17:15:00Z,0.5,1,2,0,0,1,1,3,2026-07-08T16:15:00Z,low,18
low-058,Tanvi,Menon,tanvi.menon058@leadpulse.in,Vertex Ops,Revenue Operations Manager,Operations,390,referral,email_open,email,2026-07-09T18:30:00Z,1.0,2,3,1,0,0,2,4,2026-07-08T17:30:00Z,low,9
low-059,Harsh,Vyas,harsh.vyas059@leadpulse.in,Orchid Retail,Head of Growth,Retail,395,website,content_download,linkedin,2026-07-09T19:45:00Z,1.5,3,4,2,0,1,0,5,2026-07-08T18:45:00Z,low,15
low-060,Kavya,Sethi,kavya.sethi060@leadpulse.in,BluePeak Finance,Sales Lead,Finance,400,partner,email_open,call,2026-07-09T08:00:00Z,2.0,1,1,0,0,0,1,1,2026-07-08T07:00:00Z,low,12
low-061,Aarav,Sharma,aarav.sharma061@leadpulse.in,BluePeak Finance,Sales Lead,Finance,405,partner,email_open,call,2026-07-09T09:15:00Z,2.5,2,2,1,0,1,2,2,2026-07-08T08:15:00Z,low,12
low-062,Priya,Iyer,priya.iyer062@leadpulse.in,Mosaic Labs,Founder,Technology,410,event,content_download,email,2026-07-09T10:30:00Z,3.0,3,3,2,0,0,0,3,2026-07-08T09:30:00Z,low,14
low-063,Rohan,Gupta,rohan.gupta063@leadpulse.in,Northstar AI,VP Revenue,SaaS,415,website,email_open,email,2026-07-09T11:45:00Z,0.0,1,4,0,0,1,1,4,2026-07-08T10:45:00Z,low,9
low-064,Anika,Mehta,anika.mehta064@leadpulse.in,Redwood Health,Director of Sales,Healthcare,420,campaign,content_download,call,2026-07-09T12:00:00Z,0.5,2,1,1,0,0,2,5,2026-07-08T11:00:00Z,low,18
low-065,Kabir,Singh,kabir.singh065@leadpulse.in,Vertex Ops,Revenue Operations Manager,Operations,425,referral,email_open,email,2026-07-09T13:15:00Z,1.0,3,2,2,0,1,0,1,2026-07-08T12:15:00Z,low,11
low-066,Neha,Nair,neha.nair066@leadpulse.in,Orchid Retail,Head of Growth,Retail,430,website,content_download,linkedin,2026-07-09T14:30:00Z,1.5,1,3,0,0,0,1,2,2026-07-08T13:30:00Z,low,16
low-067,Vihaan,Patel,vihaan.patel067@leadpulse.in,BluePeak Finance,Sales Lead,Finance,435,partner,email_open,call,2026-07-09T15:45:00Z,2.0,2,4,1,0,1,2,3,2026-07-08T14:45:00Z,low,8
low-068,Ishita,Rao,ishita.rao068@leadpulse.in,Mosaic Labs,Founder,Technology,440,event,content_download,email,2026-07-09T16:00:00Z,2.5,3,1,2,0,0,0,4,2026-07-08T15:00:00Z,low,13
low-069,Aditya,Verma,aditya.verma069@leadpulse.in,Northstar AI,VP Revenue,SaaS,445,website,email_open,email,2026-07-09T17:15:00Z,3.0,1,2,0,0,1,1,5,2026-07-08T16:15:00Z,low,10
low-070,Sanya,Choudhary,sanya.choudhary070@leadpulse.in,Redwood Health,Director of Sales,Healthcare,450,campaign,content_download,call,2026-07-09T18:30:00Z,0.0,2,3,1,0,0,2,1,2026-07-08T17:30:00Z,low,17
low-071,Arjun,Khanna,arjun.khanna071@leadpulse.in,Vertex Ops,Revenue Operations Manager,Operations,455,referral,email_open,email,2026-07-09T19:45:00Z,0.5,3,4,2,0,1,0,2,2026-07-08T18:45:00Z,low,14
low-072,Meera,Joshi,meera.joshi072@leadpulse.in,Orchid Retail,Head of Growth,Retail,460,website,content_download,linkedin,2026-07-09T08:00:00Z,1.0,1,1,0,0,0,1,3,2026-07-08T07:00:00Z,low,7
low-073,Karan,Malhotra,karan.malhotra073@leadpulse.in,BluePeak Finance,Sales Lead,Finance,465,partner,email_open,call,2026-07-09T09:15:00Z,1.5,2,2,1,0,1,2,4,2026-07-08T08:15:00Z,low,19
low-074,Pooja,Bansal,pooja.bansal074@leadpulse.in,Mosaic Labs,Founder,Technology,470,event,content_download,email,2026-07-09T10:30:00Z,2.0,3,3,2,0,0,0,5,2026-07-08T09:30:00Z,low,6
low-075,Siddharth,Kulkarni,siddharth.kulkarni075@leadpulse.in,Northstar AI,VP Revenue,SaaS,475,website,email_open,email,2026-07-09T11:45:00Z,2.5,1,4,0,0,1,1,1,2026-07-08T10:45:00Z,low,20
low-076,Riya,Das,riya.das076@leadpulse.in,Redwood Health,Director of Sales,Healthcare,480,campaign,content_download,call,2026-07-09T12:00:00Z,3.0,2,1,1,0,0,2,2,2026-07-08T11:00:00Z,low,5
low-077,Nitin,Roy,nitin.roy077@leadpulse.in,Vertex Ops,Revenue Operations Manager,Operations,485,referral,email_open,email,2026-07-09T13:15:00Z,0.0,3,2,2,0,1,0,3,2026-07-08T12:15:00Z,low,18
low-078,Tanvi,Menon,tanvi.menon078@leadpulse.in,Orchid Retail,Head of Growth,Retail,490,website,content_download,linkedin,2026-07-09T14:30:00Z,0.5,1,3,0,0,0,1,4,2026-07-08T13:30:00Z,low,9
low-079,Harsh,Vyas,harsh.vyas079@leadpulse.in,BluePeak Finance,Sales Lead,Finance,495,partner,email_open,call,2026-07-09T15:45:00Z,1.0,2,4,1,0,1,2,5,2026-07-08T14:45:00Z,low,15
low-080,Kavya,Sethi,kavya.sethi080@leadpulse.in,Mosaic Labs,Founder,Technology,500,event,content_download,email,2026-07-09T16:00:00Z,1.5,3,1,2,0,0,0,1,2026-07-08T15:00:00Z,low,12
low-081,Aarav,Sharma,aarav.sharma081@leadpulse.in,Mosaic Labs,Founder,Technology,505,event,content_download,email,2026-07-09T17:15:00Z,2.0,1,2,0,0,1,1,2,2026-07-08T16:15:00Z,low,12
low-082,Priya,Iyer,priya.iyer082@leadpulse.in,Northstar AI,VP Revenue,SaaS,510,website,email_open,email,2026-07-09T18:30:00Z,2.5,2,3,1,0,0,2,3,2026-07-08T17:30:00Z,low,14
low-083,Rohan,Gupta,rohan.gupta083@leadpulse.in,Redwood Health,Director of Sales,Healthcare,515,campaign,content_download,call,2026-07-09T19:45:00Z,3.0,3,4,2,0,1,0,4,2026-07-08T18:45:00Z,low,9
low-084,Anika,Mehta,anika.mehta084@leadpulse.in,Vertex Ops,Revenue Operations Manager,Operations,520,referral,email_open,email,2026-07-09T08:00:00Z,0.0,1,1,0,0,0,1,5,2026-07-08T07:00:00Z,low,18
low-085,Kabir,Singh,kabir.singh085@leadpulse.in,Orchid Retail,Head of Growth,Retail,525,website,content_download,linkedin,2026-07-09T09:15:00Z,0.5,2,2,1,0,1,2,1,2026-07-08T08:15:00Z,low,11
low-086,Neha,Nair,neha.nair086@leadpulse.in,BluePeak Finance,Sales Lead,Finance,530,partner,email_open,call,2026-07-09T10:30:00Z,1.0,3,3,2,0,0,0,2,2026-07-08T09:30:00Z,low,16
low-087,Vihaan,Patel,vihaan.patel087@leadpulse.in,Mosaic Labs,Founder,Technology,535,event,content_download,email,2026-07-09T11:45:00Z,1.5,1,4,0,0,1,1,3,2026-07-08T10:45:00Z,low,8
low-088,Ishita,Rao,ishita.rao088@leadpulse.in,Northstar AI,VP Revenue,SaaS,540,website,email_open,email,2026-07-09T12:00:00Z,2.0,2,1,1,0,0,2,4,2026-07-08T11:00:00Z,low,13
low-089,Aditya,Verma,aditya.verma089@leadpulse.in,Redwood Health,Director of Sales,Healthcare,545,campaign,content_download,call,2026-07-09T13:15:00Z,2.5,3,2,2,0,1,0,5,2026-07-08T12:15:00Z,low,10
low-090,Sanya,Choudhary,sanya.choudhary090@leadpulse.in,Vertex Ops,Revenue Operations Manager,Operations,550,referral,email_open,email,2026-07-09T14:30:00Z,3.0,1,3,0,0,0,1,1,2026-07-08T13:30:00Z,low,17
low-091,Arjun,Khanna,arjun.khanna091@leadpulse.in,Orchid Retail,Head of Growth,Retail,555,website,content_download,linkedin,2026-07-09T15:45:00Z,0.0,2,4,1,0,1,2,2,2026-07-08T14:45:00Z,low,14
low-092,Meera,Joshi,meera.joshi092@leadpulse.in,BluePeak Finance,Sales Lead,Finance,560,partner,email_open,call,2026-07-09T16:00:00Z,0.5,3,1,2,0,0,0,3,2026-07-08T15:00:00Z,low,7
low-093,Karan,Malhotra,karan.malhotra093@leadpulse.in,Mosaic Labs,Founder,Technology,565,event,content_download,email,2026-07-09T17:15:00Z,1.0,1,2,0,0,1,1,4,2026-07-08T16:15:00Z,low,19
low-094,Pooja,Bansal,pooja.bansal094@leadpulse.in,Northstar AI,VP Revenue,SaaS,570,website,email_open,email,2026-07-09T18:30:00Z,1.5,2,3,1,0,0,2,5,2026-07-08T17:30:00Z,low,6
low-095,Siddharth,Kulkarni,siddharth.kulkarni095@leadpulse.in,Redwood Health,Director of Sales,Healthcare,575,campaign,content_download,call,2026-07-09T19:45:00Z,2.0,3,4,2,0,1,0,1,2026-07-08T18:45:00Z,low,20
low-096,Riya,Das,riya.das096@leadpulse.in,Vertex Ops,Revenue Operations Manager,Operations,580,referral,email_open,email,2026-07-09T08:00:00Z,2.5,1,1,0,0,0,1,2,2026-07-08T07:00:00Z,low,5
low-097,Nitin,Roy,nitin.roy097@leadpulse.in,Orchid Retail,Head of Growth,Retail,585,website,content_download,linkedin,2026-07-09T09:15:00Z,3.0,2,2,1,0,1,2,3,2026-07-08T08:15:00Z,low,18
low-098,Tanvi,Menon,tanvi.menon098@leadpulse.in,BluePeak Finance,Sales Lead,Finance,590,partner,email_open,call,2026-07-09T10:30:00Z,0.0,3,3,2,0,0,0,4,2026-07-08T09:30:00Z,low,9
low-099,Harsh,Vyas,harsh.vyas099@leadpulse.in,Mosaic Labs,Founder,Technology,595,event,content_download,email,2026-07-09T11:45:00Z,0.5,1,4,0,0,1,1,5,2026-07-08T10:45:00Z,low,15
low-100,Kavya,Sethi,kavya.sethi100@leadpulse.in,Northstar AI,VP Revenue,SaaS,600,website,email_open,email,2026-07-09T12:00:00Z,1.0,2,1,1,0,0,2,1,2026-07-08T11:00:00Z,low,12
med-001,Ayaan,Khan,ayaan.khan001@leadpulse.in,Redwood Health,Director of Sales,Healthcare,225,campaign,email_click,call,2026-07-09T09:15:00Z,0.5,2,2,1,0,2,2,2,2026-07-08T08:15:00Z,medium,45
med-002,Nandini,Reddy,nandini.reddy002@leadpulse.in,Vertex Ops,Revenue Operations Manager,Operations,230,referral,pricing_page_visit,email,2026-07-09T10:30:00Z,1.0,3,3,2,0,1,0,3,2026-07-08T09:30:00Z,medium,52
med-003,Omkar,Kulkarni,omkar.kulkarni003@leadpulse.in,Orchid Retail,Head of Growth,Retail,235,website,email_click,linkedin,2026-07-09T11:45:00Z,1.5,1,4,0,0,2,1,4,2026-07-08T10:45:00Z,medium,48
med-004,Sneha,Shah,sneha.shah004@leadpulse.in,BluePeak Finance,Sales Lead,Finance,240,partner,pricing_page_visit,call,2026-07-09T12:00:00Z,2.0,2,1,1,0,1,2,5,2026-07-08T11:00:00Z,medium,61
med-005,Devendra,Mishra,devendra.mishra005@leadpulse.in,Mosaic Labs,Founder,Technology,245,event,email_click,email,2026-07-09T13:15:00Z,2.5,3,2,2,0,2,0,1,2026-07-08T12:15:00Z,medium,44
med-006,Lakshmi,Menon,lakshmi.menon006@leadpulse.in,Northstar AI,VP Revenue,SaaS,250,website,pricing_page_visit,email,2026-07-09T14:30:00Z,3.0,1,3,0,0,1,1,2,2026-07-08T13:30:00Z,medium,57
med-007,Pranav,Sood,pranav.sood007@leadpulse.in,Redwood Health,Director of Sales,Healthcare,255,campaign,email_click,call,2026-07-09T15:45:00Z,0.0,2,4,1,0,2,2,3,2026-07-08T14:45:00Z,medium,49
med-008,Simran,Kaur,simran.kaur008@leadpulse.in,Vertex Ops,Revenue Operations Manager,Operations,260,referral,pricing_page_visit,email,2026-07-09T16:00:00Z,0.5,3,1,2,0,1,0,4,2026-07-08T15:00:00Z,medium,63
med-009,Yash,Deshpande,yash.deshpande009@leadpulse.in,Orchid Retail,Head of Growth,Retail,265,website,email_click,linkedin,2026-07-09T17:15:00Z,1.0,1,2,0,0,2,1,5,2026-07-08T16:15:00Z,medium,46
med-010,Aditi,Jain,aditi.jain010@leadpulse.in,BluePeak Finance,Sales Lead,Finance,270,partner,pricing_page_visit,call,2026-07-09T18:30:00Z,1.5,2,3,1,0,1,2,1,2026-07-08T17:30:00Z,medium,54
med-011,Rahul,Bhat,rahul.bhat011@leadpulse.in,Mosaic Labs,Founder,Technology,275,event,email_click,email,2026-07-09T19:45:00Z,2.0,3,4,2,0,2,0,2,2026-07-08T18:45:00Z,medium,47
med-012,Shreya,Pillai,shreya.pillai012@leadpulse.in,Northstar AI,VP Revenue,SaaS,280,website,pricing_page_visit,email,2026-07-09T08:00:00Z,2.5,1,1,0,0,1,1,3,2026-07-08T07:00:00Z,medium,60
med-013,Varun,Agarwal,varun.agarwal013@leadpulse.in,Redwood Health,Director of Sales,Healthcare,285,campaign,email_click,call,2026-07-09T09:15:00Z,3.0,2,2,1,0,2,2,4,2026-07-08T08:15:00Z,medium,43
med-014,Nisha,Tiwari,nisha.tiwari014@leadpulse.in,Vertex Ops,Revenue Operations Manager,Operations,290,referral,pricing_page_visit,email,2026-07-09T10:30:00Z,0.0,3,3,2,0,1,0,5,2026-07-08T09:30:00Z,medium,58
med-015,Mohit,Chatterjee,mohit.chatterjee015@leadpulse.in,Orchid Retail,Head of Growth,Retail,295,website,email_click,linkedin,2026-07-09T11:45:00Z,0.5,1,4,0,0,2,1,1,2026-07-08T10:45:00Z,medium,50
med-016,Anjali,Suresh,anjali.suresh016@leadpulse.in,BluePeak Finance,Sales Lead,Finance,300,partner,pricing_page_visit,call,2026-07-09T12:00:00Z,1.0,2,1,1,0,1,2,2,2026-07-08T11:00:00Z,medium,64
med-017,Manoj,Srinivasan,manoj.srinivasan017@leadpulse.in,Mosaic Labs,Founder,Technology,305,event,email_click,email,2026-07-09T13:15:00Z,1.5,3,2,2,0,2,0,3,2026-07-08T12:15:00Z,medium,42
med-018,Preeti,Malhotra,preeti.malhotra018@leadpulse.in,Northstar AI,VP Revenue,SaaS,310,website,pricing_page_visit,email,2026-07-09T14:30:00Z,2.0,1,3,0,0,1,1,4,2026-07-08T13:30:00Z,medium,59
med-019,Tejas,Naik,tejas.naik019@leadpulse.in,Redwood Health,Director of Sales,Healthcare,315,campaign,email_click,call,2026-07-09T15:45:00Z,2.5,2,4,1,0,2,2,5,2026-07-08T14:45:00Z,medium,51
med-020,Gauri,Kulkarni,gauri.kulkarni020@leadpulse.in,Vertex Ops,Revenue Operations Manager,Operations,320,referral,pricing_page_visit,email,2026-07-09T16:00:00Z,3.0,3,1,2,0,1,0,1,2026-07-08T15:00:00Z,medium,55
med-021,Ayaan,Khan,ayaan.khan021@leadpulse.in,Vertex Ops,Revenue Operations Manager,Operations,325,referral,pricing_page_visit,email,2026-07-09T17:15:00Z,0.0,1,2,0,0,2,1,2,2026-07-08T16:15:00Z,medium,45
med-022,Nandini,Reddy,nandini.reddy022@leadpulse.in,Orchid Retail,Head of Growth,Retail,330,website,email_click,linkedin,2026-07-09T18:30:00Z,0.5,2,3,1,0,1,2,3,2026-07-08T17:30:00Z,medium,52
med-023,Omkar,Kulkarni,omkar.kulkarni023@leadpulse.in,BluePeak Finance,Sales Lead,Finance,335,partner,pricing_page_visit,call,2026-07-09T19:45:00Z,1.0,3,4,2,0,2,0,4,2026-07-08T18:45:00Z,medium,48
med-024,Sneha,Shah,sneha.shah024@leadpulse.in,Mosaic Labs,Founder,Technology,340,event,email_click,email,2026-07-09T08:00:00Z,1.5,1,1,0,0,1,1,5,2026-07-08T07:00:00Z,medium,61
med-025,Devendra,Mishra,devendra.mishra025@leadpulse.in,Northstar AI,VP Revenue,SaaS,345,website,pricing_page_visit,email,2026-07-09T09:15:00Z,2.0,2,2,1,0,2,2,1,2026-07-08T08:15:00Z,medium,44
med-026,Lakshmi,Menon,lakshmi.menon026@leadpulse.in,Redwood Health,Director of Sales,Healthcare,350,campaign,email_click,call,2026-07-09T10:30:00Z,2.5,3,3,2,0,1,0,2,2026-07-08T09:30:00Z,medium,57
med-027,Pranav,Sood,pranav.sood027@leadpulse.in,Vertex Ops,Revenue Operations Manager,Operations,355,referral,pricing_page_visit,email,2026-07-09T11:45:00Z,3.0,1,4,0,0,2,1,3,2026-07-08T10:45:00Z,medium,49
med-028,Simran,Kaur,simran.kaur028@leadpulse.in,Orchid Retail,Head of Growth,Retail,360,website,email_click,linkedin,2026-07-09T12:00:00Z,0.0,2,1,1,0,1,2,4,2026-07-08T11:00:00Z,medium,63
med-029,Yash,Deshpande,yash.deshpande029@leadpulse.in,BluePeak Finance,Sales Lead,Finance,365,partner,pricing_page_visit,call,2026-07-09T13:15:00Z,0.5,3,2,2,0,2,0,5,2026-07-08T12:15:00Z,medium,46
med-030,Aditi,Jain,aditi.jain030@leadpulse.in,Mosaic Labs,Founder,Technology,370,event,email_click,email,2026-07-09T14:30:00Z,1.0,1,3,0,0,1,1,1,2026-07-08T13:30:00Z,medium,54
med-031,Rahul,Bhat,rahul.bhat031@leadpulse.in,Northstar AI,VP Revenue,SaaS,375,website,pricing_page_visit,email,2026-07-09T15:45:00Z,1.5,2,4,1,0,2,2,2,2026-07-08T14:45:00Z,medium,47
med-032,Shreya,Pillai,shreya.pillai032@leadpulse.in,Redwood Health,Director of Sales,Healthcare,380,campaign,email_click,call,2026-07-09T16:00:00Z,2.0,3,1,2,0,1,0,3,2026-07-08T15:00:00Z,medium,60
med-033,Varun,Agarwal,varun.agarwal033@leadpulse.in,Vertex Ops,Revenue Operations Manager,Operations,385,referral,pricing_page_visit,email,2026-07-09T17:15:00Z,2.5,1,2,0,0,2,1,4,2026-07-08T16:15:00Z,medium,43
med-034,Nisha,Tiwari,nisha.tiwari034@leadpulse.in,Orchid Retail,Head of Growth,Retail,390,website,email_click,linkedin,2026-07-09T18:30:00Z,3.0,2,3,1,0,1,2,5,2026-07-08T17:30:00Z,medium,58
med-035,Mohit,Chatterjee,mohit.chatterjee035@leadpulse.in,BluePeak Finance,Sales Lead,Finance,395,partner,pricing_page_visit,call,2026-07-09T19:45:00Z,0.0,3,4,2,0,2,0,1,2026-07-08T18:45:00Z,medium,50
med-036,Anjali,Suresh,anjali.suresh036@leadpulse.in,Mosaic Labs,Founder,Technology,400,event,email_click,email,2026-07-09T08:00:00Z,0.5,1,1,0,0,1,1,2,2026-07-08T07:00:00Z,medium,64
med-037,Manoj,Srinivasan,manoj.srinivasan037@leadpulse.in,Northstar AI,VP Revenue,SaaS,405,website,pricing_page_visit,email,2026-07-09T09:15:00Z,1.0,2,2,1,0,2,2,3,2026-07-08T08:15:00Z,medium,42
med-038,Preeti,Malhotra,preeti.malhotra038@leadpulse.in,Redwood Health,Director of Sales,Healthcare,410,campaign,email_click,call,2026-07-09T10:30:00Z,1.5,3,3,2,0,1,0,4,2026-07-08T09:30:00Z,medium,59
med-039,Tejas,Naik,tejas.naik039@leadpulse.in,Vertex Ops,Revenue Operations Manager,Operations,415,referral,pricing_page_visit,email,2026-07-09T11:45:00Z,2.0,1,4,0,0,2,1,5,2026-07-08T10:45:00Z,medium,51
med-040,Gauri,Kulkarni,gauri.kulkarni040@leadpulse.in,Orchid Retail,Head of Growth,Retail,420,website,email_click,linkedin,2026-07-09T12:00:00Z,2.5,2,1,1,0,1,2,1,2026-07-08T11:00:00Z,medium,55
med-041,Ayaan,Khan,ayaan.khan041@leadpulse.in,Orchid Retail,Head of Growth,Retail,425,website,email_click,linkedin,2026-07-09T13:15:00Z,3.0,3,2,2,0,2,0,2,2026-07-08T12:15:00Z,medium,45
med-042,Nandini,Reddy,nandini.reddy042@leadpulse.in,BluePeak Finance,Sales Lead,Finance,430,partner,pricing_page_visit,call,2026-07-09T14:30:00Z,0.0,1,3,0,0,1,1,3,2026-07-08T13:30:00Z,medium,52
med-043,Omkar,Kulkarni,omkar.kulkarni043@leadpulse.in,Mosaic Labs,Founder,Technology,435,event,email_click,email,2026-07-09T15:45:00Z,0.5,2,4,1,0,2,2,4,2026-07-08T14:45:00Z,medium,48
med-044,Sneha,Shah,sneha.shah044@leadpulse.in,Northstar AI,VP Revenue,SaaS,440,website,pricing_page_visit,email,2026-07-09T16:00:00Z,1.0,3,1,2,0,1,0,5,2026-07-08T15:00:00Z,medium,61
med-045,Devendra,Mishra,devendra.mishra045@leadpulse.in,Redwood Health,Director of Sales,Healthcare,445,campaign,email_click,call,2026-07-09T17:15:00Z,1.5,1,2,0,0,2,1,1,2026-07-08T16:15:00Z,medium,44
med-046,Lakshmi,Menon,lakshmi.menon046@leadpulse.in,Vertex Ops,Revenue Operations Manager,Operations,450,referral,pricing_page_visit,email,2026-07-09T18:30:00Z,2.0,2,3,1,0,1,2,2,2026-07-08T17:30:00Z,medium,57
med-047,Pranav,Sood,pranav.sood047@leadpulse.in,Orchid Retail,Head of Growth,Retail,455,website,email_click,linkedin,2026-07-09T19:45:00Z,2.5,3,4,2,0,2,0,3,2026-07-08T18:45:00Z,medium,49
med-048,Simran,Kaur,simran.kaur048@leadpulse.in,BluePeak Finance,Sales Lead,Finance,460,partner,pricing_page_visit,call,2026-07-09T08:00:00Z,3.0,1,1,0,0,1,1,4,2026-07-08T07:00:00Z,medium,63
med-049,Yash,Deshpande,yash.deshpande049@leadpulse.in,Mosaic Labs,Founder,Technology,465,event,email_click,email,2026-07-09T09:15:00Z,0.0,2,2,1,0,2,2,5,2026-07-08T08:15:00Z,medium,46
med-050,Aditi,Jain,aditi.jain050@leadpulse.in,Northstar AI,VP Revenue,SaaS,470,website,pricing_page_visit,email,2026-07-09T10:30:00Z,0.5,3,3,2,0,1,0,1,2026-07-08T09:30:00Z,medium,54
med-051,Rahul,Bhat,rahul.bhat051@leadpulse.in,Redwood Health,Director of Sales,Healthcare,475,campaign,email_click,call,2026-07-09T11:45:00Z,1.0,1,4,0,0,2,1,2,2026-07-08T10:45:00Z,medium,47
med-052,Shreya,Pillai,shreya.pillai052@leadpulse.in,Vertex Ops,Revenue Operations Manager,Operations,480,referral,pricing_page_visit,email,2026-07-09T12:00:00Z,1.5,2,1,1,0,1,2,3,2026-07-08T11:00:00Z,medium,60
med-053,Varun,Agarwal,varun.agarwal053@leadpulse.in,Orchid Retail,Head of Growth,Retail,485,website,email_click,linkedin,2026-07-09T13:15:00Z,2.0,3,2,2,0,2,0,4,2026-07-08T12:15:00Z,medium,43
med-054,Nisha,Tiwari,nisha.tiwari054@leadpulse.in,BluePeak Finance,Sales Lead,Finance,490,partner,pricing_page_visit,call,2026-07-09T14:30:00Z,2.5,1,3,0,0,1,1,5,2026-07-08T13:30:00Z,medium,58
med-055,Mohit,Chatterjee,mohit.chatterjee055@leadpulse.in,Mosaic Labs,Founder,Technology,495,event,email_click,email,2026-07-09T15:45:00Z,3.0,2,4,1,0,2,2,1,2026-07-08T14:45:00Z,medium,50
med-056,Anjali,Suresh,anjali.suresh056@leadpulse.in,Northstar AI,VP Revenue,SaaS,500,website,pricing_page_visit,email,2026-07-09T16:00:00Z,0.0,3,1,2,0,1,0,2,2026-07-08T15:00:00Z,medium,64
med-057,Manoj,Srinivasan,manoj.srinivasan057@leadpulse.in,Redwood Health,Director of Sales,Healthcare,505,campaign,email_click,call,2026-07-09T17:15:00Z,0.5,1,2,0,0,2,1,3,2026-07-08T16:15:00Z,medium,42
med-058,Preeti,Malhotra,preeti.malhotra058@leadpulse.in,Vertex Ops,Revenue Operations Manager,Operations,510,referral,pricing_page_visit,email,2026-07-09T18:30:00Z,1.0,2,3,1,0,1,2,4,2026-07-08T17:30:00Z,medium,59
med-059,Tejas,Naik,tejas.naik059@leadpulse.in,Orchid Retail,Head of Growth,Retail,515,website,email_click,linkedin,2026-07-09T19:45:00Z,1.5,3,4,2,0,2,0,5,2026-07-08T18:45:00Z,medium,51
med-060,Gauri,Kulkarni,gauri.kulkarni060@leadpulse.in,BluePeak Finance,Sales Lead,Finance,520,partner,pricing_page_visit,call,2026-07-09T08:00:00Z,2.0,1,1,0,0,1,1,1,2026-07-08T07:00:00Z,medium,55
med-061,Ayaan,Khan,ayaan.khan061@leadpulse.in,BluePeak Finance,Sales Lead,Finance,525,partner,pricing_page_visit,call,2026-07-09T09:15:00Z,2.5,2,2,1,0,2,2,2,2026-07-08T08:15:00Z,medium,45
med-062,Nandini,Reddy,nandini.reddy062@leadpulse.in,Mosaic Labs,Founder,Technology,530,event,email_click,email,2026-07-09T10:30:00Z,3.0,3,3,2,0,1,0,3,2026-07-08T09:30:00Z,medium,52
med-063,Omkar,Kulkarni,omkar.kulkarni063@leadpulse.in,Northstar AI,VP Revenue,SaaS,535,website,pricing_page_visit,email,2026-07-09T11:45:00Z,0.0,1,4,0,0,2,1,4,2026-07-08T10:45:00Z,medium,48
med-064,Sneha,Shah,sneha.shah064@leadpulse.in,Redwood Health,Director of Sales,Healthcare,540,campaign,email_click,call,2026-07-09T12:00:00Z,0.5,2,1,1,0,1,2,5,2026-07-08T11:00:00Z,medium,61
med-065,Devendra,Mishra,devendra.mishra065@leadpulse.in,Vertex Ops,Revenue Operations Manager,Operations,545,referral,pricing_page_visit,email,2026-07-09T13:15:00Z,1.0,3,2,2,0,2,0,1,2026-07-08T12:15:00Z,medium,44
med-066,Lakshmi,Menon,lakshmi.menon066@leadpulse.in,Orchid Retail,Head of Growth,Retail,550,website,email_click,linkedin,2026-07-09T14:30:00Z,1.5,1,3,0,0,1,1,2,2026-07-08T13:30:00Z,medium,57
med-067,Pranav,Sood,pranav.sood067@leadpulse.in,BluePeak Finance,Sales Lead,Finance,555,partner,pricing_page_visit,call,2026-07-09T15:45:00Z,2.0,2,4,1,0,2,2,3,2026-07-08T14:45:00Z,medium,49
med-068,Simran,Kaur,simran.kaur068@leadpulse.in,Mosaic Labs,Founder,Technology,560,event,email_click,email,2026-07-09T16:00:00Z,2.5,3,1,2,0,1,0,4,2026-07-08T15:00:00Z,medium,63
med-069,Yash,Deshpande,yash.deshpande069@leadpulse.in,Northstar AI,VP Revenue,SaaS,565,website,pricing_page_visit,email,2026-07-09T17:15:00Z,3.0,1,2,0,0,2,1,5,2026-07-08T16:15:00Z,medium,46
med-070,Aditi,Jain,aditi.jain070@leadpulse.in,Redwood Health,Director of Sales,Healthcare,570,campaign,email_click,call,2026-07-09T18:30:00Z,0.0,2,3,1,0,1,2,1,2026-07-08T17:30:00Z,medium,54
med-071,Rahul,Bhat,rahul.bhat071@leadpulse.in,Vertex Ops,Revenue Operations Manager,Operations,575,referral,pricing_page_visit,email,2026-07-09T19:45:00Z,0.5,3,4,2,0,2,0,2,2026-07-08T18:45:00Z,medium,47
med-072,Shreya,Pillai,shreya.pillai072@leadpulse.in,Orchid Retail,Head of Growth,Retail,580,website,email_click,linkedin,2026-07-09T08:00:00Z,1.0,1,1,0,0,1,1,3,2026-07-08T07:00:00Z,medium,60
med-073,Varun,Agarwal,varun.agarwal073@leadpulse.in,BluePeak Finance,Sales Lead,Finance,585,partner,pricing_page_visit,call,2026-07-09T09:15:00Z,1.5,2,2,1,0,2,2,4,2026-07-08T08:15:00Z,medium,43
med-074,Nisha,Tiwari,nisha.tiwari074@leadpulse.in,Mosaic Labs,Founder,Technology,590,event,email_click,email,2026-07-09T10:30:00Z,2.0,3,3,2,0,1,0,5,2026-07-08T09:30:00Z,medium,58
med-075,Mohit,Chatterjee,mohit.chatterjee075@leadpulse.in,Northstar AI,VP Revenue,SaaS,595,website,pricing_page_visit,email,2026-07-09T11:45:00Z,2.5,1,4,0,0,2,1,1,2026-07-08T10:45:00Z,medium,50
med-076,Anjali,Suresh,anjali.suresh076@leadpulse.in,Redwood Health,Director of Sales,Healthcare,600,campaign,email_click,call,2026-07-09T12:00:00Z,3.0,2,1,1,0,1,2,2,2026-07-08T11:00:00Z,medium,64
med-077,Manoj,Srinivasan,manoj.srinivasan077@leadpulse.in,Vertex Ops,Revenue Operations Manager,Operations,605,referral,pricing_page_visit,email,2026-07-09T13:15:00Z,0.0,3,2,2,0,2,0,3,2026-07-08T12:15:00Z,medium,42
med-078,Preeti,Malhotra,preeti.malhotra078@leadpulse.in,Orchid Retail,Head of Growth,Retail,610,website,email_click,linkedin,2026-07-09T14:30:00Z,0.5,1,3,0,0,1,1,4,2026-07-08T13:30:00Z,medium,59
med-079,Tejas,Naik,tejas.naik079@leadpulse.in,BluePeak Finance,Sales Lead,Finance,615,partner,pricing_page_visit,call,2026-07-09T15:45:00Z,1.0,2,4,1,0,2,2,5,2026-07-08T14:45:00Z,medium,51
med-080,Gauri,Kulkarni,gauri.kulkarni080@leadpulse.in,Mosaic Labs,Founder,Technology,620,event,email_click,email,2026-07-09T16:00:00Z,1.5,3,1,2,0,1,0,1,2026-07-08T15:00:00Z,medium,55
med-081,Ayaan,Khan,ayaan.khan081@leadpulse.in,Mosaic Labs,Founder,Technology,625,event,email_click,email,2026-07-09T17:15:00Z,2.0,1,2,0,0,2,1,2,2026-07-08T16:15:00Z,medium,45
med-082,Nandini,Reddy,nandini.reddy082@leadpulse.in,Northstar AI,VP Revenue,SaaS,630,website,pricing_page_visit,email,2026-07-09T18:30:00Z,2.5,2,3,1,0,1,2,3,2026-07-08T17:30:00Z,medium,52
med-083,Omkar,Kulkarni,omkar.kulkarni083@leadpulse.in,Redwood Health,Director of Sales,Healthcare,635,campaign,email_click,call,2026-07-09T19:45:00Z,3.0,3,4,2,0,2,0,4,2026-07-08T18:45:00Z,medium,48
med-084,Sneha,Shah,sneha.shah084@leadpulse.in,Vertex Ops,Revenue Operations Manager,Operations,640,referral,pricing_page_visit,email,2026-07-09T08:00:00Z,0.0,1,1,0,0,1,1,5,2026-07-08T07:00:00Z,medium,61
med-085,Devendra,Mishra,devendra.mishra085@leadpulse.in,Orchid Retail,Head of Growth,Retail,645,website,email_click,linkedin,2026-07-09T09:15:00Z,0.5,2,2,1,0,2,2,1,2026-07-08T08:15:00Z,medium,44
med-086,Lakshmi,Menon,lakshmi.menon086@leadpulse.in,BluePeak Finance,Sales Lead,Finance,650,partner,pricing_page_visit,call,2026-07-09T10:30:00Z,1.0,3,3,2,0,1,0,2,2026-07-08T09:30:00Z,medium,57
med-087,Pranav,Sood,pranav.sood087@leadpulse.in,Mosaic Labs,Founder,Technology,655,event,email_click,email,2026-07-09T11:45:00Z,1.5,1,4,0,0,2,1,3,2026-07-08T10:45:00Z,medium,49
med-088,Simran,Kaur,simran.kaur088@leadpulse.in,Northstar AI,VP Revenue,SaaS,660,website,pricing_page_visit,email,2026-07-09T12:00:00Z,2.0,2,1,1,0,1,2,4,2026-07-08T11:00:00Z,medium,63
med-089,Yash,Deshpande,yash.deshpande089@leadpulse.in,Redwood Health,Director of Sales,Healthcare,665,campaign,email_click,call,2026-07-09T13:15:00Z,2.5,3,2,2,0,2,0,5,2026-07-08T12:15:00Z,medium,46
med-090,Aditi,Jain,aditi.jain090@leadpulse.in,Vertex Ops,Revenue Operations Manager,Operations,670,referral,pricing_page_visit,email,2026-07-09T14:30:00Z,3.0,1,3,0,0,1,1,1,2026-07-08T13:30:00Z,medium,54
med-091,Rahul,Bhat,rahul.bhat091@leadpulse.in,Orchid Retail,Head of Growth,Retail,675,website,email_click,linkedin,2026-07-09T15:45:00Z,0.0,2,4,1,0,2,2,2,2026-07-08T14:45:00Z,medium,47
med-092,Shreya,Pillai,shreya.pillai092@leadpulse.in,BluePeak Finance,Sales Lead,Finance,680,partner,pricing_page_visit,call,2026-07-09T16:00:00Z,0.5,3,1,2,0,1,0,3,2026-07-08T15:00:00Z,medium,60
med-093,Varun,Agarwal,varun.agarwal093@leadpulse.in,Mosaic Labs,Founder,Technology,685,event,email_click,email,2026-07-09T17:15:00Z,1.0,1,2,0,0,2,1,4,2026-07-08T16:15:00Z,medium,43
med-094,Nisha,Tiwari,nisha.tiwari094@leadpulse.in,Northstar AI,VP Revenue,SaaS,690,website,pricing_page_visit,email,2026-07-09T18:30:00Z,1.5,2,3,1,0,1,2,5,2026-07-08T17:30:00Z,medium,58
med-095,Mohit,Chatterjee,mohit.chatterjee095@leadpulse.in,Redwood Health,Director of Sales,Healthcare,695,campaign,email_click,call,2026-07-09T19:45:00Z,2.0,3,4,2,0,2,0,1,2026-07-08T18:45:00Z,medium,50
med-096,Anjali,Suresh,anjali.suresh096@leadpulse.in,Vertex Ops,Revenue Operations Manager,Operations,700,referral,pricing_page_visit,email,2026-07-09T08:00:00Z,2.5,1,1,0,0,1,1,2,2026-07-08T07:00:00Z,medium,64
med-097,Manoj,Srinivasan,manoj.srinivasan097@leadpulse.in,Orchid Retail,Head of Growth,Retail,705,website,email_click,linkedin,2026-07-09T09:15:00Z,3.0,2,2,1,0,2,2,3,2026-07-08T08:15:00Z,medium,42
med-098,Preeti,Malhotra,preeti.malhotra098@leadpulse.in,BluePeak Finance,Sales Lead,Finance,710,partner,pricing_page_visit,call,2026-07-09T10:30:00Z,0.0,3,3,2,0,1,0,4,2026-07-08T09:30:00Z,medium,59
med-099,Tejas,Naik,tejas.naik099@leadpulse.in,Mosaic Labs,Founder,Technology,715,event,email_click,email,2026-07-09T11:45:00Z,0.5,1,4,0,0,2,1,5,2026-07-08T10:45:00Z,medium,51
med-100,Gauri,Kulkarni,gauri.kulkarni100@leadpulse.in,Northstar AI,VP Revenue,SaaS,720,website,pricing_page_visit,email,2026-07-09T12:00:00Z,1.0,2,1,1,0,1,2,1,2026-07-08T11:00:00Z,medium,55
high-001,Arnav,Nair,arnav.nair001@leadpulse.in,Redwood Health,Director of Sales,Healthcare,455,campaign,demo_attended,call,2026-07-09T09:15:00Z,0.5,2,2,1,0,2,2,2,2026-07-08T08:15:00Z,high,78
high-002,Tara,Singh,tara.singh002@leadpulse.in,Vertex Ops,Revenue Operations Manager,Operations,460,referral,pricing_page_visit,email,2026-07-09T10:30:00Z,1.0,3,3,2,0,1,0,3,2026-07-08T09:30:00Z,high,84
high-003,Siddhi,Sharma,siddhi.sharma003@leadpulse.in,Orchid Retail,Head of Growth,Retail,465,website,demo_attended,linkedin,2026-07-09T11:45:00Z,1.5,1,4,0,1,2,1,4,2026-07-08T10:45:00Z,high,91
high-004,Ishaan,Bhandari,ishaan.bhandari004@leadpulse.in,BluePeak Finance,Sales Lead,Finance,470,partner,pricing_page_visit,call,2026-07-09T12:00:00Z,2.0,2,1,1,0,1,2,5,2026-07-08T11:00:00Z,high,75
high-005,Aishwarya,Iyer,aishwarya.iyer005@leadpulse.in,Mosaic Labs,Founder,Technology,475,event,demo_attended,email,2026-07-09T13:15:00Z,2.5,3,2,2,0,2,0,1,2026-07-08T12:15:00Z,high,88
high-006,Roshan,Kapoor,roshan.kapoor006@leadpulse.in,Northstar AI,VP Revenue,SaaS,480,website,pricing_page_visit,email,2026-07-09T14:30:00Z,3.0,1,3,0,1,1,1,2,2026-07-08T13:30:00Z,high,95
high-007,Nikhila,Reddy,nikhila.reddy007@leadpulse.in,Redwood Health,Director of Sales,Healthcare,485,campaign,demo_attended,call,2026-07-09T15:45:00Z,0.0,2,4,1,0,2,2,3,2026-07-08T14:45:00Z,high,82
high-008,Abhishek,Saxena,abhishek.saxena008@leadpulse.in,Vertex Ops,Revenue Operations Manager,Operations,490,referral,pricing_page_visit,email,2026-07-09T16:00:00Z,0.5,3,1,2,0,1,0,4,2026-07-08T15:00:00Z,high,90
high-009,Sumanth,Pai,sumanth.pai009@leadpulse.in,Orchid Retail,Head of Growth,Retail,495,website,demo_attended,linkedin,2026-07-09T17:15:00Z,1.0,1,2,0,1,2,1,5,2026-07-08T16:15:00Z,high,80
high-010,Divya,Choudhury,divya.choudhury010@leadpulse.in,BluePeak Finance,Sales Lead,Finance,500,partner,pricing_page_visit,call,2026-07-09T18:30:00Z,1.5,2,3,1,0,1,2,1,2026-07-08T17:30:00Z,high,86
high-011,Manav,Jain,manav.jain011@leadpulse.in,Mosaic Labs,Founder,Technology,505,event,demo_attended,email,2026-07-09T19:45:00Z,2.0,3,4,2,0,2,0,2,2026-07-08T18:45:00Z,high,73
high-012,Esha,Menon,esha.menon012@leadpulse.in,Northstar AI,VP Revenue,SaaS,510,website,pricing_page_visit,email,2026-07-09T08:00:00Z,2.5,1,1,0,1,1,1,3,2026-07-08T07:00:00Z,high,89
high-013,Pratik,Patil,pratik.patil013@leadpulse.in,Redwood Health,Director of Sales,Healthcare,515,campaign,demo_attended,call,2026-07-09T09:15:00Z,3.0,2,2,1,0,2,2,4,2026-07-08T08:15:00Z,high,96
high-014,Radhika,Rao,radhika.rao014@leadpulse.in,Vertex Ops,Revenue Operations Manager,Operations,520,referral,pricing_page_visit,email,2026-07-09T10:30:00Z,0.0,3,3,2,0,1,0,5,2026-07-08T09:30:00Z,high,83
high-015,Vedant,Kulkarni,vedant.kulkarni015@leadpulse.in,Orchid Retail,Head of Growth,Retail,525,website,demo_attended,linkedin,2026-07-09T11:45:00Z,0.5,1,4,0,1,2,1,1,2026-07-08T10:45:00Z,high,92
high-016,Naina,Gupta,naina.gupta016@leadpulse.in,BluePeak Finance,Sales Lead,Finance,530,partner,pricing_page_visit,call,2026-07-09T12:00:00Z,1.0,2,1,1,0,1,2,2,2026-07-08T11:00:00Z,high,77
high-017,Chirag,Desai,chirag.desai017@leadpulse.in,Mosaic Labs,Founder,Technology,535,event,demo_attended,email,2026-07-09T13:15:00Z,1.5,3,2,2,0,2,0,3,2026-07-08T12:15:00Z,high,94
high-018,Mansi,Verma,mansi.verma018@leadpulse.in,Northstar AI,VP Revenue,SaaS,540,website,pricing_page_visit,email,2026-07-09T14:30:00Z,2.0,1,3,0,1,1,1,4,2026-07-08T13:30:00Z,high,81
high-019,Sahil,Batra,sahil.batra019@leadpulse.in,Redwood Health,Director of Sales,Healthcare,545,campaign,demo_attended,call,2026-07-09T15:45:00Z,2.5,2,4,1,0,2,2,5,2026-07-08T14:45:00Z,high,87
high-020,Kriti,Joshi,kriti.joshi020@leadpulse.in,Vertex Ops,Revenue Operations Manager,Operations,550,referral,pricing_page_visit,email,2026-07-09T16:00:00Z,3.0,3,1,2,0,1,0,1,2026-07-08T15:00:00Z,high,99
high-021,Arnav,Nair,arnav.nair021@leadpulse.in,Vertex Ops,Revenue Operations Manager,Operations,555,referral,pricing_page_visit,email,2026-07-09T17:15:00Z,0.0,1,2,0,1,2,1,2,2026-07-08T16:15:00Z,high,78
high-022,Tara,Singh,tara.singh022@leadpulse.in,Orchid Retail,Head of Growth,Retail,560,website,demo_attended,linkedin,2026-07-09T18:30:00Z,0.5,2,3,1,0,1,2,3,2026-07-08T17:30:00Z,high,84
high-023,Siddhi,Sharma,siddhi.sharma023@leadpulse.in,BluePeak Finance,Sales Lead,Finance,565,partner,pricing_page_visit,call,2026-07-09T19:45:00Z,1.0,3,4,2,0,2,0,4,2026-07-08T18:45:00Z,high,91
high-024,Ishaan,Bhandari,ishaan.bhandari024@leadpulse.in,Mosaic Labs,Founder,Technology,570,event,demo_attended,email,2026-07-09T08:00:00Z,1.5,1,1,0,1,1,1,5,2026-07-08T07:00:00Z,high,75
high-025,Aishwarya,Iyer,aishwarya.iyer025@leadpulse.in,Northstar AI,VP Revenue,SaaS,575,website,pricing_page_visit,email,2026-07-09T09:15:00Z,2.0,2,2,1,0,2,2,1,2026-07-08T08:15:00Z,high,88
high-026,Roshan,Kapoor,roshan.kapoor026@leadpulse.in,Redwood Health,Director of Sales,Healthcare,580,campaign,demo_attended,call,2026-07-09T10:30:00Z,2.5,3,3,2,0,1,0,2,2026-07-08T09:30:00Z,high,95
high-027,Nikhila,Reddy,nikhila.reddy027@leadpulse.in,Vertex Ops,Revenue Operations Manager,Operations,585,referral,pricing_page_visit,email,2026-07-09T11:45:00Z,3.0,1,4,0,1,2,1,3,2026-07-08T10:45:00Z,high,82
high-028,Abhishek,Saxena,abhishek.saxena028@leadpulse.in,Orchid Retail,Head of Growth,Retail,590,website,demo_attended,linkedin,2026-07-09T12:00:00Z,0.0,2,1,1,0,1,2,4,2026-07-08T11:00:00Z,high,90
high-029,Sumanth,Pai,sumanth.pai029@leadpulse.in,BluePeak Finance,Sales Lead,Finance,595,partner,pricing_page_visit,call,2026-07-09T13:15:00Z,0.5,3,2,2,0,2,0,5,2026-07-08T12:15:00Z,high,80
high-030,Divya,Choudhury,divya.choudhury030@leadpulse.in,Mosaic Labs,Founder,Technology,600,event,demo_attended,email,2026-07-09T14:30:00Z,1.0,1,3,0,1,1,1,1,2026-07-08T13:30:00Z,high,86
high-031,Manav,Jain,manav.jain031@leadpulse.in,Northstar AI,VP Revenue,SaaS,605,website,pricing_page_visit,email,2026-07-09T15:45:00Z,1.5,2,4,1,0,2,2,2,2026-07-08T14:45:00Z,high,73
high-032,Esha,Menon,esha.menon032@leadpulse.in,Redwood Health,Director of Sales,Healthcare,610,campaign,demo_attended,call,2026-07-09T16:00:00Z,2.0,3,1,2,0,1,0,3,2026-07-08T15:00:00Z,high,89
high-033,Pratik,Patil,pratik.patil033@leadpulse.in,Vertex Ops,Revenue Operations Manager,Operations,615,referral,pricing_page_visit,email,2026-07-09T17:15:00Z,2.5,1,2,0,1,2,1,4,2026-07-08T16:15:00Z,high,96
high-034,Radhika,Rao,radhika.rao034@leadpulse.in,Orchid Retail,Head of Growth,Retail,620,website,demo_attended,linkedin,2026-07-09T18:30:00Z,3.0,2,3,1,0,1,2,5,2026-07-08T17:30:00Z,high,83
high-035,Vedant,Kulkarni,vedant.kulkarni035@leadpulse.in,BluePeak Finance,Sales Lead,Finance,625,partner,pricing_page_visit,call,2026-07-09T19:45:00Z,0.0,3,4,2,0,2,0,1,2026-07-08T18:45:00Z,high,92
high-036,Naina,Gupta,naina.gupta036@leadpulse.in,Mosaic Labs,Founder,Technology,630,event,demo_attended,email,2026-07-09T08:00:00Z,0.5,1,1,0,1,1,1,2,2026-07-08T07:00:00Z,high,77
high-037,Chirag,Desai,chirag.desai037@leadpulse.in,Northstar AI,VP Revenue,SaaS,635,website,pricing_page_visit,email,2026-07-09T09:15:00Z,1.0,2,2,1,0,2,2,3,2026-07-08T08:15:00Z,high,94
high-038,Mansi,Verma,mansi.verma038@leadpulse.in,Redwood Health,Director of Sales,Healthcare,640,campaign,demo_attended,call,2026-07-09T10:30:00Z,1.5,3,3,2,0,1,0,4,2026-07-08T09:30:00Z,high,81
high-039,Sahil,Batra,sahil.batra039@leadpulse.in,Vertex Ops,Revenue Operations Manager,Operations,645,referral,pricing_page_visit,email,2026-07-09T11:45:00Z,2.0,1,4,0,1,2,1,5,2026-07-08T10:45:00Z,high,87
high-040,Kriti,Joshi,kriti.joshi040@leadpulse.in,Orchid Retail,Head of Growth,Retail,650,website,demo_attended,linkedin,2026-07-09T12:00:00Z,2.5,2,1,1,0,1,2,1,2026-07-08T11:00:00Z,high,99
high-041,Arnav,Nair,arnav.nair041@leadpulse.in,Orchid Retail,Head of Growth,Retail,655,website,demo_attended,linkedin,2026-07-09T13:15:00Z,3.0,3,2,2,0,2,0,2,2026-07-08T12:15:00Z,high,78
high-042,Tara,Singh,tara.singh042@leadpulse.in,BluePeak Finance,Sales Lead,Finance,660,partner,pricing_page_visit,call,2026-07-09T14:30:00Z,0.0,1,3,0,1,1,1,3,2026-07-08T13:30:00Z,high,84
high-043,Siddhi,Sharma,siddhi.sharma043@leadpulse.in,Mosaic Labs,Founder,Technology,665,event,demo_attended,email,2026-07-09T15:45:00Z,0.5,2,4,1,0,2,2,4,2026-07-08T14:45:00Z,high,91
high-044,Ishaan,Bhandari,ishaan.bhandari044@leadpulse.in,Northstar AI,VP Revenue,SaaS,670,website,pricing_page_visit,email,2026-07-09T16:00:00Z,1.0,3,1,2,0,1,0,5,2026-07-08T15:00:00Z,high,75
high-045,Aishwarya,Iyer,aishwarya.iyer045@leadpulse.in,Redwood Health,Director of Sales,Healthcare,675,campaign,demo_attended,call,2026-07-09T17:15:00Z,1.5,1,2,0,1,2,1,1,2026-07-08T16:15:00Z,high,88
high-046,Roshan,Kapoor,roshan.kapoor046@leadpulse.in,Vertex Ops,Revenue Operations Manager,Operations,680,referral,pricing_page_visit,email,2026-07-09T18:30:00Z,2.0,2,3,1,0,1,2,2,2026-07-08T17:30:00Z,high,95
high-047,Nikhila,Reddy,nikhila.reddy047@leadpulse.in,Orchid Retail,Head of Growth,Retail,685,website,demo_attended,linkedin,2026-07-09T19:45:00Z,2.5,3,4,2,0,2,0,3,2026-07-08T18:45:00Z,high,82
high-048,Abhishek,Saxena,abhishek.saxena048@leadpulse.in,BluePeak Finance,Sales Lead,Finance,690,partner,pricing_page_visit,call,2026-07-09T08:00:00Z,3.0,1,1,0,1,1,1,4,2026-07-08T07:00:00Z,high,90
high-049,Sumanth,Pai,sumanth.pai049@leadpulse.in,Mosaic Labs,Founder,Technology,695,event,demo_attended,email,2026-07-09T09:15:00Z,0.0,2,2,1,0,2,2,5,2026-07-08T08:15:00Z,high,80
high-050,Divya,Choudhury,divya.choudhury050@leadpulse.in,Northstar AI,VP Revenue,SaaS,700,website,pricing_page_visit,email,2026-07-09T10:30:00Z,0.5,3,3,2,0,1,0,1,2026-07-08T09:30:00Z,high,86
high-051,Manav,Jain,manav.jain051@leadpulse.in,Redwood Health,Director of Sales,Healthcare,705,campaign,demo_attended,call,2026-07-09T11:45:00Z,1.0,1,4,0,1,2,1,2,2026-07-08T10:45:00Z,high,73
high-052,Esha,Menon,esha.menon052@leadpulse.in,Vertex Ops,Revenue Operations Manager,Operations,710,referral,pricing_page_visit,email,2026-07-09T12:00:00Z,1.5,2,1,1,0,1,2,3,2026-07-08T11:00:00Z,high,89
high-053,Pratik,Patil,pratik.patil053@leadpulse.in,Orchid Retail,Head of Growth,Retail,715,website,demo_attended,linkedin,2026-07-09T13:15:00Z,2.0,3,2,2,0,2,0,4,2026-07-08T12:15:00Z,high,96
high-054,Radhika,Rao,radhika.rao054@leadpulse.in,BluePeak Finance,Sales Lead,Finance,720,partner,pricing_page_visit,call,2026-07-09T14:30:00Z,2.5,1,3,0,1,1,1,5,2026-07-08T13:30:00Z,high,83
high-055,Vedant,Kulkarni,vedant.kulkarni055@leadpulse.in,Mosaic Labs,Founder,Technology,725,event,demo_attended,email,2026-07-09T15:45:00Z,3.0,2,4,1,0,2,2,1,2026-07-08T14:45:00Z,high,92
high-056,Naina,Gupta,naina.gupta056@leadpulse.in,Northstar AI,VP Revenue,SaaS,730,website,pricing_page_visit,email,2026-07-09T16:00:00Z,0.0,3,1,2,0,1,0,2,2026-07-08T15:00:00Z,high,77
high-057,Chirag,Desai,chirag.desai057@leadpulse.in,Redwood Health,Director of Sales,Healthcare,735,campaign,demo_attended,call,2026-07-09T17:15:00Z,0.5,1,2,0,1,2,1,3,2026-07-08T16:15:00Z,high,94
high-058,Mansi,Verma,mansi.verma058@leadpulse.in,Vertex Ops,Revenue Operations Manager,Operations,740,referral,pricing_page_visit,email,2026-07-09T18:30:00Z,1.0,2,3,1,0,1,2,4,2026-07-08T17:30:00Z,high,81
high-059,Sahil,Batra,sahil.batra059@leadpulse.in,Orchid Retail,Head of Growth,Retail,745,website,demo_attended,linkedin,2026-07-09T19:45:00Z,1.5,3,4,2,0,2,0,5,2026-07-08T18:45:00Z,high,87
high-060,Kriti,Joshi,kriti.joshi060@leadpulse.in,BluePeak Finance,Sales Lead,Finance,750,partner,pricing_page_visit,call,2026-07-09T08:00:00Z,2.0,1,1,0,1,1,1,1,2026-07-08T07:00:00Z,high,99
high-061,Arnav,Nair,arnav.nair061@leadpulse.in,BluePeak Finance,Sales Lead,Finance,755,partner,pricing_page_visit,call,2026-07-09T09:15:00Z,2.5,2,2,1,0,2,2,2,2026-07-08T08:15:00Z,high,78
high-062,Tara,Singh,tara.singh062@leadpulse.in,Mosaic Labs,Founder,Technology,760,event,demo_attended,email,2026-07-09T10:30:00Z,3.0,3,3,2,0,1,0,3,2026-07-08T09:30:00Z,high,84
high-063,Siddhi,Sharma,siddhi.sharma063@leadpulse.in,Northstar AI,VP Revenue,SaaS,765,website,pricing_page_visit,email,2026-07-09T11:45:00Z,0.0,1,4,0,1,2,1,4,2026-07-08T10:45:00Z,high,91
high-064,Ishaan,Bhandari,ishaan.bhandari064@leadpulse.in,Redwood Health,Director of Sales,Healthcare,770,campaign,demo_attended,call,2026-07-09T12:00:00Z,0.5,2,1,1,0,1,2,5,2026-07-08T11:00:00Z,high,75
high-065,Aishwarya,Iyer,aishwarya.iyer065@leadpulse.in,Vertex Ops,Revenue Operations Manager,Operations,775,referral,pricing_page_visit,email,2026-07-09T13:15:00Z,1.0,3,2,2,0,2,0,1,2026-07-08T12:15:00Z,high,88
high-066,Roshan,Kapoor,roshan.kapoor066@leadpulse.in,Orchid Retail,Head of Growth,Retail,780,website,demo_attended,linkedin,2026-07-09T14:30:00Z,1.5,1,3,0,1,1,1,2,2026-07-08T13:30:00Z,high,95
high-067,Nikhila,Reddy,nikhila.reddy067@leadpulse.in,BluePeak Finance,Sales Lead,Finance,785,partner,pricing_page_visit,call,2026-07-09T15:45:00Z,2.0,2,4,1,0,2,2,3,2026-07-08T14:45:00Z,high,82
high-068,Abhishek,Saxena,abhishek.saxena068@leadpulse.in,Mosaic Labs,Founder,Technology,790,event,demo_attended,email,2026-07-09T16:00:00Z,2.5,3,1,2,0,1,0,4,2026-07-08T15:00:00Z,high,90
high-069,Sumanth,Pai,sumanth.pai069@leadpulse.in,Northstar AI,VP Revenue,SaaS,795,website,pricing_page_visit,email,2026-07-09T17:15:00Z,3.0,1,2,0,1,2,1,5,2026-07-08T16:15:00Z,high,80
high-070,Divya,Choudhury,divya.choudhury070@leadpulse.in,Redwood Health,Director of Sales,Healthcare,800,campaign,demo_attended,call,2026-07-09T18:30:00Z,0.0,2,3,1,0,1,2,1,2026-07-08T17:30:00Z,high,86
high-071,Manav,Jain,manav.jain071@leadpulse.in,Vertex Ops,Revenue Operations Manager,Operations,805,referral,pricing_page_visit,email,2026-07-09T19:45:00Z,0.5,3,4,2,0,2,0,2,2026-07-08T18:45:00Z,high,73
high-072,Esha,Menon,esha.menon072@leadpulse.in,Orchid Retail,Head of Growth,Retail,810,website,demo_attended,linkedin,2026-07-09T08:00:00Z,1.0,1,1,0,1,1,1,3,2026-07-08T07:00:00Z,high,89
high-073,Pratik,Patil,pratik.patil073@leadpulse.in,BluePeak Finance,Sales Lead,Finance,815,partner,pricing_page_visit,call,2026-07-09T09:15:00Z,1.5,2,2,1,0,2,2,4,2026-07-08T08:15:00Z,high,96
high-074,Radhika,Rao,radhika.rao074@leadpulse.in,Mosaic Labs,Founder,Technology,820,event,demo_attended,email,2026-07-09T10:30:00Z,2.0,3,3,2,0,1,0,5,2026-07-08T09:30:00Z,high,83
high-075,Vedant,Kulkarni,vedant.kulkarni075@leadpulse.in,Northstar AI,VP Revenue,SaaS,825,website,pricing_page_visit,email,2026-07-09T11:45:00Z,2.5,1,4,0,1,2,1,1,2026-07-08T10:45:00Z,high,92
high-076,Naina,Gupta,naina.gupta076@leadpulse.in,Redwood Health,Director of Sales,Healthcare,830,campaign,demo_attended,call,2026-07-09T12:00:00Z,3.0,2,1,1,0,1,2,2,2026-07-08T11:00:00Z,high,77
high-077,Chirag,Desai,chirag.desai077@leadpulse.in,Vertex Ops,Revenue Operations Manager,Operations,835,referral,pricing_page_visit,email,2026-07-09T13:15:00Z,0.0,3,2,2,0,2,0,3,2026-07-08T12:15:00Z,high,94
high-078,Mansi,Verma,mansi.verma078@leadpulse.in,Orchid Retail,Head of Growth,Retail,840,website,demo_attended,linkedin,2026-07-09T14:30:00Z,0.5,1,3,0,1,1,1,4,2026-07-08T13:30:00Z,high,81
high-079,Sahil,Batra,sahil.batra079@leadpulse.in,BluePeak Finance,Sales Lead,Finance,845,partner,pricing_page_visit,call,2026-07-09T15:45:00Z,1.0,2,4,1,0,2,2,5,2026-07-08T14:45:00Z,high,87
high-080,Kriti,Joshi,kriti.joshi080@leadpulse.in,Mosaic Labs,Founder,Technology,850,event,demo_attended,email,2026-07-09T16:00:00Z,1.5,3,1,2,0,1,0,1,2026-07-08T15:00:00Z,high,99
high-081,Arnav,Nair,arnav.nair081@leadpulse.in,Mosaic Labs,Founder,Technology,855,event,demo_attended,email,2026-07-09T17:15:00Z,2.0,1,2,0,1,2,1,2,2026-07-08T16:15:00Z,high,78
high-082,Tara,Singh,tara.singh082@leadpulse.in,Northstar AI,VP Revenue,SaaS,860,website,pricing_page_visit,email,2026-07-09T18:30:00Z,2.5,2,3,1,0,1,2,3,2026-07-08T17:30:00Z,high,84
high-083,Siddhi,Sharma,siddhi.sharma083@leadpulse.in,Redwood Health,Director of Sales,Healthcare,865,campaign,demo_attended,call,2026-07-09T19:45:00Z,3.0,3,4,2,0,2,0,4,2026-07-08T18:45:00Z,high,91
high-084,Ishaan,Bhandari,ishaan.bhandari084@leadpulse.in,Vertex Ops,Revenue Operations Manager,Operations,870,referral,pricing_page_visit,email,2026-07-09T08:00:00Z,0.0,1,1,0,1,1,1,5,2026-07-08T07:00:00Z,high,75
high-085,Aishwarya,Iyer,aishwarya.iyer085@leadpulse.in,Orchid Retail,Head of Growth,Retail,875,website,demo_attended,linkedin,2026-07-09T09:15:00Z,0.5,2,2,1,0,2,2,1,2026-07-08T08:15:00Z,high,88
high-086,Roshan,Kapoor,roshan.kapoor086@leadpulse.in,BluePeak Finance,Sales Lead,Finance,880,partner,pricing_page_visit,call,2026-07-09T10:30:00Z,1.0,3,3,2,0,1,0,2,2026-07-08T09:30:00Z,high,95
high-087,Nikhila,Reddy,nikhila.reddy087@leadpulse.in,Mosaic Labs,Founder,Technology,885,event,demo_attended,email,2026-07-09T11:45:00Z,1.5,1,4,0,1,2,1,3,2026-07-08T10:45:00Z,high,82
high-088,Abhishek,Saxena,abhishek.saxena088@leadpulse.in,Northstar AI,VP Revenue,SaaS,890,website,pricing_page_visit,email,2026-07-09T12:00:00Z,2.0,2,1,1,0,1,2,4,2026-07-08T11:00:00Z,high,90
high-089,Sumanth,Pai,sumanth.pai089@leadpulse.in,Redwood Health,Director of Sales,Healthcare,895,campaign,demo_attended,call,2026-07-09T13:15:00Z,2.5,3,2,2,0,2,0,5,2026-07-08T12:15:00Z,high,80
high-090,Divya,Choudhury,divya.choudhury090@leadpulse.in,Vertex Ops,Revenue Operations Manager,Operations,900,referral,pricing_page_visit,email,2026-07-09T14:30:00Z,3.0,1,3,0,1,1,1,1,2026-07-08T13:30:00Z,high,86
high-091,Manav,Jain,manav.jain091@leadpulse.in,Orchid Retail,Head of Growth,Retail,905,website,demo_attended,linkedin,2026-07-09T15:45:00Z,0.0,2,4,1,0,2,2,2,2026-07-08T14:45:00Z,high,73
high-092,Esha,Menon,esha.menon092@leadpulse.in,BluePeak Finance,Sales Lead,Finance,910,partner,pricing_page_visit,call,2026-07-09T16:00:00Z,0.5,3,1,2,0,1,0,3,2026-07-08T15:00:00Z,high,89
high-093,Pratik,Patil,pratik.patil093@leadpulse.in,Mosaic Labs,Founder,Technology,915,event,demo_attended,email,2026-07-09T17:15:00Z,1.0,1,2,0,1,2,1,4,2026-07-08T16:15:00Z,high,96
high-094,Radhika,Rao,radhika.rao094@leadpulse.in,Northstar AI,VP Revenue,SaaS,920,website,pricing_page_visit,email,2026-07-09T18:30:00Z,1.5,2,3,1,0,1,2,5,2026-07-08T17:30:00Z,high,83
high-095,Vedant,Kulkarni,vedant.kulkarni095@leadpulse.in,Redwood Health,Director of Sales,Healthcare,925,campaign,demo_attended,call,2026-07-09T19:45:00Z,2.0,3,4,2,0,2,0,1,2026-07-08T18:45:00Z,high,92
high-096,Naina,Gupta,naina.gupta096@leadpulse.in,Vertex Ops,Revenue Operations Manager,Operations,930,referral,pricing_page_visit,email,2026-07-09T08:00:00Z,2.5,1,1,0,1,1,1,2,2026-07-08T07:00:00Z,high,77
high-097,Chirag,Desai,chirag.desai097@leadpulse.in,Orchid Retail,Head of Growth,Retail,935,website,demo_attended,linkedin,2026-07-09T09:15:00Z,3.0,2,2,1,0,2,2,3,2026-07-08T08:15:00Z,high,94
high-098,Mansi,Verma,mansi.verma098@leadpulse.in,BluePeak Finance,Sales Lead,Finance,940,partner,pricing_page_visit,call,2026-07-09T10:30:00Z,0.0,3,3,2,0,1,0,4,2026-07-08T09:30:00Z,high,81
high-099,Sahil,Batra,sahil.batra099@leadpulse.in,Mosaic Labs,Founder,Technology,945,event,demo_attended,email,2026-07-09T11:45:00Z,0.5,1,4,0,1,2,1,5,2026-07-08T10:45:00Z,high,87
high-100,Kriti,Joshi,kriti.joshi100@leadpulse.in,Northstar AI,VP Revenue,SaaS,950,website,pricing_page_visit,email,2026-07-09T12:00:00Z,1.0,2,1,1,0,1,2,1,2026-07-08T11:00:00Z,high,99
